{"cameraMode":{"drawMode":0,"name":"Shaded","section":"Shading Mode"},"sceneLighting":true,"audioPlay":false,"sceneViewState":{"showFog":true,"showMaterialUpdate":false,"showSkybox":true,"showFlares":true,"showImageEffects":true,"showParticleSystems":true},"in2DMode":false,"pivot":{"x":0.297171026468277,"y":1.4227046966552735,"z":-5.490756034851074},"rotation":{"x":0.2582556903362274,"y":0.6643601655960083,"z":-0.26405245065689089,"w":0.6497738361358643},"size":10.0,"orthographic":false}